symbol,exchange1,exchange2,max_deviation_pct,min_deviation_pct,deviation_asymmetry,zero_crossings,zero_crossings_per_hour,zero_crossings_per_minute,opportunity_cycles_030bp,cycles_030bp_per_hour,pct_time_above_030bp,avg_cycle_duration_030bp_sec,pattern_break_030bp,opportunity_cycles_050bp,cycles_050bp_per_hour,pct_time_above_050bp,avg_cycle_duration_050bp_sec,pattern_break_050bp,opportunity_cycles_040bp,cycles_040bp_per_hour,pct_time_above_040bp,avg_cycle_duration_040bp_sec,pattern_break_040bp,data_points,duration_hours
STRK_USDT,Binance,GateIo,1.5599981700901155,-0.6073992269464368,0.04547995827093661,46839,5503.654679903693,91.72757799839489,114,13.395175676445293,0.5839177694496711,1.5692992916212773,false,17,1.9975261973646488,0.03802781260911791,0.6853483352230265,false,35,4.112553935750747,0.1333800787981515,1.1675671399691698,false,1414754,8.510526681666667
STRK_USDT,Bybit,GateIo,1.066462673806412,-0.5011041277390826,-0.0017277982333897578,35261,4153.460543634634,69.22434239391056,87,10.247896182644086,0.056894434962038616,0.19986537940365134,false,10,1.1779191014533432,0.0029944439453704536,0.09151730530588245,false,29,3.4159653942146955,0.01769444149537086,0.18647726786465074,false,367368,8.489547361666666
ETH_USDC,Binance,Bybit,0.11453968751222732,-0.23986723024661538,-0.0008319720084159765,35471,4148.070746934864,69.13451244891439,0,0.0,0.0,0.0,false,0,0.0,0.0,0.0,false,0,0.0,0.0,0.0,false,3112511,8.551204201666668
BTC_USDC,Binance,Bybit,0.06879985378398512,-0.1830314522769938,0.0004496453165602827,18277,2141.4058032426105,35.69009672071017,0,0.0,0.0,0.0,false,0,0.0,0.0,0.0,false,0,0.0,0.0,0.0,false,2166713,8.535047384444445
0G_USDT,Bybit,GateIo,0.37941273507093864,-0.5222784396931579,0.004479712901548733,15672,1921.1888081631016,32.01981346938503,5,0.6129367050035418,0.006028090903610827,0.3540516838989693,false,1,0.12258734100070837,0.001004681817268471,0.2950430699158077,false,2,0.24517468200141673,0.002009363634536942,0.2950430699158077,false,99537,8.157449144722223
XAN_USDT,Bybit,GateIo,1.5163450177235083,-0.636104408861593,0.05999409344509373,15878,1870.2639106409806,31.17106517734968,261,30.743096150478394,0.4076258537060001,0.4773276790856881,false,37,4.358216695661688,0.04492372283098122,0.3710815993902257,false,85,10.012119435979553,0.11531112265832508,0.4146175484864822,false,483058,8.489710949166666
ZORA_USDT,Bybit,GateIo,0.34687809712588,-0.3739628374430204,-0.009804210053093032,15242,1830.1000812628413,30.501668021047355,7,0.8404868500747861,0.013097181083640615,0.5609826244980615,false,0,0.0,0.0,0.0,false,0,0.0,0.0,0.0,false,99269,8.328506269166667
ASTER_USDT,Bybit,GateIo,0.45201145095676853,-0.48235036176278445,-0.00950365932662728,14668,1733.503723653851,28.891728727564182,15,1.7727403773389532,0.0070052539404553416,0.1422594899287799,false,0,0.0,0.0,0.0,false,3,0.35454807546779066,0.0010007505629221916,0.10161392137769992,false,299797,8.461475911388888
PIEVERSE_USDT,Bybit,GateIo,1.5817223198594021,-1.1844177874712258,-0.023123203033690375,14057,1670.2892146891154,27.838153578151925,535,63.570088202224994,2.105815672507861,1.1925319966384698,false,131,15.565759914937335,0.3582727784920761,0.8286020146910807,false,255,30.29976166648107,0.9250564616710729,1.0990856293433753,false,207675,8.415907781944444
DOGE_USDT,Bybit,GateIo,0.11305112423061203,-0.08816120906801617,0.0016959509174172458,11731,1393.6266737200199,23.227111228667,0,0.0,0.0,0.0,false,0,0.0,0.0,0.0,false,0,0.0,0.0,0.0,false,305995,8.417605820277778
AAVE_USDT,Bybit,GateIo,0.23562412342215122,-0.29952191694027075,0.005175441767986327,11701,1370.0014258099025,22.83335709683171,0,0.0,0.0,0.0,false,0,0.0,0.0,0.0,false,0,0.0,0.0,0.0,false,317297,8.540867023611112
SUI_USDT,Binance,GateIo,0.19352887813728348,-0.13256206314774532,0.0005225610286522141,10784,1263.1240783114854,21.05206797185809,0,0.0,0.0,0.0,false,0,0.0,0.0,0.0,false,0,0.0,0.0,0.0,false,923226,8.537561895277777
ETH_USDT,Bybit,GateIo,0.14675167107027765,-0.1455969147785674,-0.005045142004578019,9934,1165.43084340253,19.423847390042166,0,0.0,0.0,0.0,false,0,0.0,0.0,0.0,false,0,0.0,0.0,0.0,false,757362,8.523886300277777
HYPE_USDT,Bybit,GateIo,0.2359108781127217,-0.35176143224654455,-0.015875079484577635,9458,1126.188316361892,18.7698052726982,1,0.11907256463965869,0.000568808800609763,0.17197174583347552,false,0,0.0,0.0,0.0,false,0,0.0,0.0,0.0,false,175825,8.398240207777777
XRP_USDC,Binance,Bybit,0.15301154541662587,-0.13014176156170842,-0.0039033507381864524,9560,1122.5062149555451,18.708436915925752,0,0.0,0.0,0.0,false,0,0.0,0.0,0.0,false,0,0.0,0.0,0.0,false,831007,8.516656631944445
VIRTUAL_USDT,Bybit,GateIo,0.1496725912067287,-0.18320051296143447,-0.004778181674586906,9080,1084.8646482600582,18.08107747100097,0,0.0,0.0,0.0,false,0,0.0,0.0,0.0,false,0,0.0,0.0,0.0,false,234507,8.3697077
ZK_USDT,Bybit,GateIo,0.9345794392523255,-0.5114566284779021,-0.006945444373914409,8985,1063.383136617014,17.723052276950234,20,2.367018668040098,0.033941560366568854,0.5162173791422668,false,3,0.35505280020601476,0.0021482000232005602,0.21781324014441636,false,9,1.0651584006180443,0.006014960064961569,0.20329235746812194,false,232779,8.44944751388889
SYRUP_USDT,Binance,GateIo,0.24775068457425498,-0.30497962531074174,0.00958632064019953,8915,1060.0986415959326,17.668310693265543,1,0.1189117937852981,0.006212337702677517,1.8807567372181153,false,0,0.0,0.0,0.0,false,0,0.0,0.0,0.0,false,241455,8.4095947775
ASTER_USDT,Binance,GateIo,0.21017865185406492,-0.7399656177591751,-0.028971885876470437,8848,1041.8840277531272,17.364733795885453,15,1.7663042965977516,0.0481451762236899,0.9812727894006542,false,7,0.8242753384122841,0.015150579930531786,0.6616974354100316,false,10,1.1775361977318344,0.028842215127012363,0.8817731009649237,false,891055,8.49230793861111
H_USDT,Bybit,GateIo,0.28901734104047616,-0.6324053209275315,-0.00800799376099362,8449,1038.7451367392514,17.31241894565419,4,0.4917718720507759,0.019749835418038184,1.445780280365372,false,2,0.24588593602538794,0.008464215179159221,1.239240240313176,false,2,0.24588593602538794,0.011285620238878961,1.6523203204175678,false,106334,8.1338527625
SUI_USDT,Bybit,GateIo,0.20562443302087896,-0.11448541817304925,-0.005566706663155531,8699,1027.1659844101475,17.11943307350246,0,0.0,0.0,0.0,false,0,0.0,0.0,0.0,false,0,0.0,0.0,0.0,false,315964,8.468933095555556
BNB_USDT,Binance,GateIo,0.11578372474057019,-0.4387568555758614,-0.0030534033284370246,7908,927.6983720606447,15.461639534344078,0,0.0,0.4100332297350391,0.0,true,0,0.0,0.0,0.0,false,0,0.0,0.03899180181264811,0.0,true,2018373,8.524322385555555
ZEN_USDT,Binance,Bybit,0.8528925619834649,-2.029143401879341,-0.03807107541042986,7860,919.1112929424094,15.318521549040156,66,7.717728414020232,1.4477881475231897,6.753330839700393,true,16,1.8709644640049046,0.33309318077325967,6.4091834658201785,true,34,3.975799486010422,0.8613498153827195,7.799335319320632,true,843908,8.551739120555556
ASTER_USDT,Binance,Bybit,0.3562945368171144,-0.4799760011999332,-0.020872444455649636,7252,853.9492505951263,14.232487509918771,11,1.2952898175050178,0.028281082536992668,0.7860163475173709,false,0,0.0,0.0,0.0,false,1,0.11775361977318344,0.00392792813013787,1.200858308707094,false,891055,8.49230793861111
XLM_USDT,Bybit,GateIo,0.168054089967562,-0.13078111996195352,-0.03138780815204005,7050,830.7969813736191,13.846616356226985,0,0.0,0.0,0.0,false,0,0.0,0.0,0.0,false,0,0.0,0.0,0.0,false,260936,8.485827654722222
BTC_USDC,Bybit,GateIo,0.18614424837897214,-0.12807817421647272,0.030375859316444927,6834,806.407982805609,13.440133046760149,0,0.0,0.0,0.0,false,0,0.0,0.0,0.0,false,0,0.0,0.0,0.0,false,285802,8.474618488055555
MORPHO_USDT,Binance,GateIo,0.17687731146487362,-0.2661741539464302,-0.0287236050156233,6531,803.8994872880088,13.39832478813348,0,0.0,0.0,0.0,false,0,0.0,0.0,0.0,false,0,0.0,0.0,0.0,false,95561,8.124149975555556
VIRTUAL_USDT,Binance,GateIo,0.22149375387614523,-0.28720157960869797,0.011143453595031867,6657,791.546740286848,13.192445671447468,0,0.0,0.0,0.0,false,0,0.0,0.0,0.0,false,0,0.0,0.0,0.0,false,358479,8.410116119722222
PENGU_USDT,Bybit,GateIo,0.26197921068198404,-0.6713057715923121,-0.0064772925744709005,6741,788.2340968971164,13.137234948285274,0,0.0,2.6262771191659042,0.0,true,0,0.0,0.6749526217933772,0.0,true,0,0.0,1.5728966766504655,0.0,true,167307,8.552027914722222
FF_USDT,Bybit,GateIo,0.3974235987392216,-0.5070576949431249,-0.029348201969643332,6714,787.2618835837596,13.12103139306266,3,0.3517702786343877,1.5188949575558892,155.4429745579611,true,0,0.0,0.1136628759100508,0.0,false,0,0.0,0.5832700211173659,0.0,false,167165,8.528292986111111
PENGU_USDT,Binance,GateIo,0.5070565368038515,-0.7775524002704537,0.006669553260208316,6626,783.5796494961913,13.059660824936522,3,0.3547749695877715,0.811678210935979,82.3632389501653,true,2,0.23651664639184766,0.03251529925114456,4.949126376085599,false,2,0.23651664639184766,0.2904298642988036,44.20608559380162,true,498227,8.456064427222222
TNSR_USDT,Binance,GateIo,1.2207527975584886,-1.643690349946969,-0.12472632324444903,6448,775.2144082533739,12.920240137556231,1013,121.78849186734922,10.98049806686377,3.245774082149323,true,114,13.705713793561511,2.7973618376165565,7.34766737953509,true,328,39.4339835463875,4.6473447805321815,4.24264548120919,true,140704,8.317698860277778
CAKE_USDT,Binance,GateIo,0.21394950791613354,-0.3691584864502051,-0.022298622156641003,6517,774.2967177866094,12.90494529644349,0,0.0,0.19156098844486413,0.0,true,0,0.0,0.0,0.0,false,0,0.0,0.0,0.0,false,406659,8.416670057222222
KITE_USDT,Binance,GateIo,0.4433037797480166,-0.7190906982138867,-0.03361009494739184,6460,769.6409432933482,12.827349054889137,32,3.812462876994913,0.5438730058719032,5.135637734214884,false,10,1.1913946490609104,0.1036990365178126,3.1334413979312696,false,22,2.621068227934003,0.307596720135115,4.22479728182908,false,228546,8.393524352222222
RESOLV_USDT,Bybit,GateIo,0.7495441960969629,-0.642978003384076,0.04266085929157992,6168,764.9727344580718,12.749545574301198,183,22.696175487326062,3.517481029714205,5.579324020490738,false,20,2.4804563374126842,0.0780086518686618,1.1321753279483722,false,55,6.821254927884882,0.4219558896532161,2.2269233723282036,false,84612,8.063032474444444
DOGE_USDT,Binance,Bybit,0.13368132917435105,-0.30916777083727087,0.001946607632839534,6492,759.1700322039699,12.652833870066164,0,0.0,0.004620745365197548,0.0,true,0,0.0,0.0,0.0,false,0,0.0,0.0,0.0,false,1796247,8.551443977777778
SPX_USDT,Bybit,GateIo,0.3756708407871123,-2.2824536376604754,-0.041498453805778796,6382,756.9953900353046,12.616589833921743,15,1.7792119790864258,1.7860354178300664,36.138063253652994,true,0,0.0,1.474165428336157,0.0,true,1,0.11861413193909505,1.588691281837714,482.17598705291374,true,211337,8.430698633055556
RESOLV_USDT,Binance,GateIo,1.0279801211791284,-1.4321253277751578,0.0914485998490448,6204,737.4850412350407,12.291417353917346,148,17.59313122224146,5.67985965776191,11.622430657535762,true,17,2.0208326403926002,0.6242562271738684,11.120774540683014,true,53,6.300242937694577,1.5614099880996348,8.92199874313987,true,194952,8.41237401861111
AAVE_USDT,Binance,GateIo,0.25687430673126954,-0.2246414377052086,0.01178826609604247,6184,732.2487178034978,12.204145296724963,0,0.0,0.0,0.0,false,0,0.0,0.0,0.0,false,0,0.0,0.0,0.0,false,340242,8.445217928888889
ZK_USDT,Binance,GateIo,0.7410456978180324,-0.41330853482125507,0.01605340370009251,5812,682.3623903596332,11.372706505993886,13,1.5262751332889248,0.13132013053779784,3.0974262741040146,false,3,0.35221733845129033,0.02142101420120107,2.189433702026242,false,6,0.7044346769025807,0.05811614287630203,2.970014413183424,false,536856,8.517468257500001
DOGE_USDT,Binance,GateIo,0.1972135632037686,-0.3154574132492094,0.004077585874780548,5763,673.9212716561119,11.232021194268532,0,0.0,0.008239401374087194,0.0,true,0,0.0,0.0,0.0,false,0,0.0,0.0,0.0,false,1796247,8.551443977777778
HBAR_USDT,Binance,GateIo,0.11502029769958622,-0.402684563758382,-0.005181851500955853,5468,641.1842181680256,10.68640363613376,0,0.0,0.19380548317086096,0.0,true,0,0.0,0.0,0.0,false,0,0.0,0.008952313205145886,0.0,false,413301,8.527970347777778
ALGO_USDT,Bybit,GateIo,0.1392581339410004,-0.17558691552317374,-0.004711992305121168,4904,638.5135128119151,10.641891880198585,0,0.0,0.0,0.0,false,0,0.0,0.0,0.0,false,0,0.0,0.0,0.0,false,62124,7.680338632777778
AAVE_USDT,Binance,Bybit,0.300421745912538,-0.15111886079629544,0.005713062917332888,5379,636.928501465882,10.615475024431367,1,0.11841020663057855,0.0005878169067898731,0.17871270768453046,false,0,0.0,0.0,0.0,false,0,0.0,0.0,0.0,false,340242,8.445217928888889
RAY_USDT,Binance,GateIo,0.2853648593558855,-0.529963310232362,-0.02639267315855082,5255,619.9462581061179,10.332437635101964,2,0.2359452932849164,0.8205140041314207,125.19217373436581,true,0,0.0,0.1881065860385676,0.0,true,0,0.0,0.48930792932731704,0.0,true,86653,8.476541202222222
ETH_USDC,Bybit,GateIo,0.24658798707721807,-0.13950001629672304,0.031906642542607416,5167,611.5000598559614,10.191667664266022,0,0.0,0.0,0.0,false,0,0.0,0.0,0.0,false,0,0.0,0.0,0.0,false,352243,8.449712991388889
GRASS_USDT,Bybit,GateIo,0.3768115942029082,-0.23988005997002126,-0.004882541937801358,5114,608.4230042438176,10.140383404063625,1,0.11897203837383996,0.004365613930050392,1.321000326042758,false,0,0.0,0.0,0.0,false,0,0.0,0.0,0.0,false,160346,8.405336360277778
SUI_USDC,Bybit,GateIo,0.5081669691469948,-0.10294919154605342,0.033714968927619604,5002,602.8921051479279,10.048201752465465,0,0.0,1.2303462883990288,0.0,false,0,0.0,0.008450180552191133,0.0,false,0,0.0,0.40560866650517435,0.0,false,177535,8.296675238055556
AVL_USDT,Bybit,GateIo,0.38386706630908485,-0.7106914976396816,-0.06265494158845133,4588,597.3929279138655,9.956548798564425,145,18.880116509919464,1.3402304255819422,2.555508346338893,false,14,1.8229078009577415,0.06583588055490243,1.3001709130496122,false,50,6.510385003420505,0.3362332471196802,1.8592444056609452,false,42556,7.680037351666667
ALGO_USDT,Binance,GateIo,0.19911362322564408,-0.17882232724486524,-0.007889122274422075,4849,584.3535313919328,9.739225523198881,0,0.0,0.0,0.0,false,0,0.0,0.0,0.0,false,0,0.0,0.0,0.0,false,168232,8.2980588625
BCH_USDT,Binance,GateIo,0.22315311435618934,-0.4331549754022834,-0.041186353888659474,4922,580.660602367213,9.677676706120216,4,0.4718899653532816,0.0041444267276260945,0.3161740514715987,false,0,0.0,0.0,0.0,false,1,0.1179724913383204,0.00021812772250663656,0.0665629582045471,false,1375341,8.476552361111112
BTC_USDC,Binance,GateIo,0.18249065557613964,-0.30313436542979133,0.029755296161470532,4955,580.5474506246724,9.67579084374454,0,0.0,0.0005999871695051444,0.0,false,0,0.0,0.0,0.0,false,0,0.0,0.0,0.0,false,2166713,8.535047384444445
HBAR_USDT,Bybit,GateIo,0.13260840737301383,-0.30201342281879207,-0.009786401201113504,4641,546.4111496230239,9.106852493717065,0,0.0,0.00331702462890787,0.0,false,0,0.0,0.0,0.0,false,0,0.0,0.0,0.0,false,180908,8.493604135277778
SUI_USDC,Binance,Bybit,0.15081136514447646,-0.3981420039814165,0.008024955752032535,4352,512.2658768213129,8.537764613688548,0,0.0,0.4009500440280293,0.0,true,0,0.0,0.0,0.0,false,0,0.0,0.0,0.0,false,915326,8.495588320277777
CC_USDT,Bybit,GateIo,0.3585877160720896,-0.31024728533626256,0.014767934346428428,3813,496.4571308555198,8.274285514258663,4,0.5208047530611275,0.010377965503642665,0.7173643403505675,false,0,0.0,0.0,0.0,false,0,0.0,0.0,0.0,false,48184,7.680421456388888
ZK_USDT,Binance,Bybit,0.5140859551717059,-0.9259259259259189,0.018078241489020378,4099,481.24629010394636,8.020771501732439,16,1.8784924717402152,0.054577018790886195,1.045930556565797,false,2,0.2348115589675269,0.0098722935014231,1.5135650374877063,false,4,0.4696231179350538,0.015832923540018178,1.2137078130797645,false,536856,8.517468257500001
CAKE_USDT,Bybit,GateIo,0.1004352192835567,-0.34115138592750727,-0.03880539427993746,3998,479.4192217856728,7.990320363094546,1,0.11991476282783212,0.001192221944037102,0.3579208178642536,false,0,0.0,0.0,0.0,false,0,0.0,0.0,0.0,false,83891,8.339256788888889
SUI_USDT,Binance,Bybit,0.10255172829825021,-0.12698796637842236,0.004851018941764289,3984,466.64376186878314,7.7773960311463854,0,0.0,0.0,0.0,false,0,0.0,0.0,0.0,false,0,0.0,0.0,0.0,false,923226,8.537561895277777
SOL_USDT,Binance,GateIo,0.1264755480607116,-0.1233135064558355,-0.0016472039390553808,3872,453.5265039399727,7.558775065666212,0,0.0,0.0,0.0,false,0,0.0,0.0,0.0,false,0,0.0,0.0,0.0,false,2800517,8.537538526111112
ETHFI_USDT,Bybit,GateIo,0.49207217058502284,-0.5949161709031814,0.029966129739224585,3766,450.6157670289568,7.510262783815946,3,0.3589610464914685,0.014359047995117925,1.440060788981824,false,1,0.11965368216382283,0.0023931746658529874,0.7200303944909121,false,3,0.3589610464914685,0.00957269866341195,0.9600405259878828,false,83582,8.357452791388889
BCH_USDT,Bybit,GateIo,0.08387461720016365,-0.4723545206875568,-0.06319600342412925,3564,437.9493749532309,7.299156249220515,6,0.7372885100222744,0.0045659668054213245,0.22294502458773124,false,0,0.0,0.0,0.0,false,1,0.12288141833704572,0.0007609944675702207,0.22294502458773122,false,131429,8.137926901666667
UNI_USDT,Binance,GateIo,0.3466925530439591,-0.3302146395156802,0.0012211450790772544,3724,435.4833288203456,7.2580554803390935,4,0.46775867757287387,0.006077435883051434,0.46773625435471666,false,0,0.0,0.0,0.0,false,0,0.0,0.0,0.0,false,641718,8.551418053333334
2Z_USDT,Binance,GateIo,0.1502468340845553,-0.37702373031714975,0.007896920898934949,3601,428.90619942838697,7.148436657139783,0,0.0,0.16936357370269473,0.0,false,0,0.0,0.0,0.0,false,0,0.0,0.0,0.0,false,152335,8.395775124722222
ZBT_USDT,Binance,GateIo,0.2886002886002714,-0.79855108257183,-0.01859638573783963,3575,428.140732866324,7.135678881105401,4,0.47903858222805484,2.613401434999392,196.39848469488933,false,3,0.35927893667104116,1.1261096923264016,112.83697647120675,false,3,0.35927893667104116,1.4374315943086464,144.03164815223153,false,82230,8.350058113055555
XDC_USDT,Bybit,GateIo,0.2143413873733513,-0.591715976331364,-0.028877229899874807,3621,423.43647199565197,7.057274533260866,4,0.4677563899427252,2.1923463126185427,168.72985372563593,false,1,0.1169390974856813,0.48160958012570193,148.26473999979544,false,2,0.2338781949713626,1.2012347056417123,184.90158694955184,false,53781,8.551459875277777
SOL_USDT,Bybit,GateIo,0.14981807804808067,-0.14094432699085502,-0.004606639397587821,3429,402.0807599722803,6.701345999538005,0,0.0,0.0,0.0,false,0,0.0,0.0,0.0,false,0,0.0,0.0,0.0,false,717800,8.528137482222222
FF_USDT,Binance,GateIo,0.45909277785392,-0.49501498989052983,0.026345273038675707,3213,384.7196110821117,6.411993518035195,9,1.0776459694176799,0.23267450587940958,7.772758818171964,false,0,0.0,0.0,0.0,false,2,0.23947688209281773,0.051538653990492865,7.747685402629472,false,199850,8.351536826944445
ETH_USDC,Binance,GateIo,0.20796604635977545,-0.17061857342113296,0.03144562734435498,3287,384.3903060295706,6.406505100492843,0,0.0,0.0,0.0,false,0,0.0,0.0,0.0,false,0,0.0,0.0,0.0,false,3112511,8.551204201666668
XRP_USDT,Binance,GateIo,0.19962859795730203,-0.13908205841447474,0.01798240726335942,3201,375.8814917351821,6.264691528919702,0,0.0,0.0,0.0,false,0,0.0,0.0,0.0,false,0,0.0,0.0,0.0,false,1684426,8.515981952777777
ICP_USDT,Bybit,GateIo,0.4087989098695788,-0.520532099479476,-0.0002496472374154216,3202,374.5994767361622,6.243324612269371,3,0.35096765465599206,0.01313879947205915,1.3476933692301263,false,1,0.11698921821866402,0.0005972181578208704,0.1837763685313808,false,3,0.35096765465599206,0.0017916544734626113,0.18377636853138088,false,167486,8.547796243333334
MINA_USDT,Bybit,GateIo,0.3070624360286489,-0.31487596958758024,0.017431060472151077,2845,370.41857622225746,6.1736429370376245,2,0.26039970208946045,0.00450034877703022,0.622168745482775,false,0,0.0,0.0,0.0,false,0,0.0,0.0,0.0,false,44447,7.680500338333333
LTC_USDT,Bybit,GateIo,0.24136845419244768,-0.664837484170544,-0.006235674308636929,3141,367.415276372118,6.1235879395353,0,0.0,0.598154126027614,0.0,true,0,0.0,0.18587268709618418,0.0,true,0,0.0,0.20910677298320718,0.0,true,202324,8.548909645277778
LINK_USDT,Bybit,GateIo,0.10147868947520955,-0.1680917927355141,-0.03440360025227356,3064,366.0023785898119,6.100039643163531,0,0.0,0.0,0.0,false,0,0.0,0.0,0.0,false,0,0.0,0.0,0.0,false,171533,8.371530293888888
S_USDT,Bybit,GateIo,0.17918227724385005,-0.21903139449988007,-0.023291105478713006,2769,360.55243812016187,6.0092073020026975,0,0.0,0.0,0.0,false,0,0.0,0.0,0.0,false,0,0.0,0.0,0.0,false,47448,7.679881501944444
XRP_USDT,Binance,Bybit,0.2132591562355124,-0.1079609463011666,-0.004342903155866534,3065,359.9115189529313,5.998525315882189,0,0.0,0.0,0.0,false,0,0.0,0.0,0.0,false,0,0.0,0.0,0.0,false,1684426,8.515981952777777
ETHFI_USDT,Binance,GateIo,0.3827227993439042,-0.7030827474310386,-0.03208427158140355,2905,345.6052130466938,5.760086884111563,4,0.4758763690832272,0.2741140538399813,20.736700915093067,false,1,0.1189690922708068,0.019905407843145387,6.023368495760771,false,1,0.1189690922708068,0.16173143872555626,48.93986902805626,false,482281,8.405544506666667
LTC_USDT,Binance,GateIo,0.1573316551290116,-0.3693541578725257,-0.007952675004379467,2938,345.0166834301815,5.750278057169692,0,0.0,0.5235800986708994,0.0,true,0,0.0,0.0,0.0,false,0,0.0,0.0,0.0,false,605447,8.515530236944445
S_USDT,Binance,GateIo,0.18628006803271813,-0.3001541332035451,-0.02841168408774123,2888,343.17931373236087,5.719655228872681,1,0.11882940226189781,0.005809646918708515,1.7600634615038273,false,0,0.0,0.0,0.0,false,0,0.0,0.0,0.0,false,275404,8.415425651944444
PYTH_USDT,Binance,GateIo,0.1168224299065379,-0.33298886209668366,-0.04311223958147981,2899,342.7374245548308,5.71229040924718,2,0.2364521728560406,0.010162417203520551,1.5472347532601396,false,0,0.0,0.0,0.0,false,0,0.0,0.0,0.0,false,275525,8.458370146666667
0G_USDT,Binance,GateIo,0.21445067634444648,-0.49342105263158187,-0.06403596893001491,2823,337.84860396355754,5.630810066059293,3,0.3590314601100505,0.10665876601733204,10.694649364284126,false,0,0.0,0.0,0.0,false,2,0.23935430674003366,0.03555292200577735,5.347324682142065,false,67505,8.355813719166667
MINA_USDT,Binance,GateIo,0.3081890226005024,-0.37095919448861814,0.006617374455148983,2766,326.1222153443049,5.435370255738415,5,0.5895195505139279,0.024386505204776966,1.489202837474394,false,0,0.0,0.0,0.0,false,0,0.0,0.0,0.0,false,143522,8.481482922222222
AERO_USDT,Bybit,GateIo,0.2834956243066733,-0.23117167538629912,0.022984784512351447,2679,317.76781697822355,5.296130282970393,0,0.0,0.0,0.0,false,0,0.0,0.0,0.0,false,0,0.0,0.0,0.0,false,152114,8.430683841666667
MET_USDT,Bybit,GateIo,0.6272869837950834,-0.5816771691711131,-0.047630584314024164,2648,316.5595984369527,5.275993307282545,9,1.075920085321969,0.013184012187886823,0.4411335425733728,false,2,0.2390933522937709,0.004394670729295608,0.6617003138600591,false,4,0.4781867045875418,0.006592006093943411,0.49627523539504437,false,136547,8.3649335325
LINK_USDT,Binance,GateIo,0.09653226405286208,-0.26458915184477405,-0.034476458185260454,2636,309.10493234701494,5.151748872450249,0,0.0,0.0,0.0,false,0,0.0,0.0,0.0,false,0,0.0,0.0,0.0,false,744620,8.52784839111111
VIRTUAL_USDT,Binance,Bybit,0.3090909090909033,-0.15179926779175235,0.01520855872502714,2580,306.77340993541657,5.112890165590276,0,0.0,0.003905389158081784,0.0,false,0,0.0,0.0,0.0,false,0,0.0,0.0,0.0,false,358479,8.410116119722222
TIA_USDT,Binance,GateIo,0.3891050583657574,-0.19047619047618536,-0.0444962227706563,2549,298.068730431372,4.9678121738562,0,0.0,0.3110460951461728,0.0,false,0,0.0,0.0,0.0,false,0,0.0,0.0,0.0,false,530468,8.551718915
WCT_USDT,Bybit,GateIo,0.825396825396818,-0.6962025316455622,0.009992548141650808,2446,286.6067453770989,4.776779089618315,74,8.670850023673475,0.3417082472938911,1.418718680290177,true,7,0.8202155427799233,0.15652442295397592,6.869998107137869,true,12,1.4060837876227257,0.18738839367729512,4.79770994571248,true,136092,8.534342053888889
FF_USDT,Binance,Bybit,0.3165863730213214,-0.3966354373247549,0.04054189270267225,2391,286.2946125419636,4.7715768756993935,4,0.47895376418563546,0.021015761821366025,1.5796251791768827,false,0,0.0,0.0,0.0,false,0,0.0,0.0,0.0,false,199850,8.351536826944445
CFX_USDT,Binance,GateIo,0.20311442112390665,-0.42610450773714614,-0.04613151963265201,2421,285.36504524642476,4.756084087440413,4,0.4714829330795948,0.03627335317215756,2.7696457762920184,false,0,0.0,0.0,0.0,false,1,0.1178707332698987,0.004930358683594232,1.5058268298286703,false,283955,8.483870187777779
PAXG_USDT,Binance,GateIo,0.06491120636864522,-0.15971740797263712,-0.004123306645564087,2374,284.9400351842671,4.749000586404452,0,0.0,0.0,0.0,false,0,0.0,0.0,0.0,false,0,0.0,0.0,0.0,false,112532,8.331577549166667
PENGU_USDT,Binance,Bybit,0.244436952124083,-0.6095496105655185,0.001333842318929341,2397,283.4652007006294,4.724420011677156,1,0.11825832319592383,0.0024085406852699673,0.733203907568237,false,1,0.11825832319592383,0.0016056937901799784,0.4888026050454913,false,1,0.11825832319592383,0.00220782896149747,0.6721035819375505,false,498227,8.456064427222222
XRP_USDT,Bybit,GateIo,0.1256398324802177,-0.2410755679184029,0.022509503506715937,2414,283.1593117831134,4.71932186305189,0,0.0,0.0,0.0,false,0,0.0,0.0,0.0,false,0,0.0,0.0,0.0,false,496084,8.52523614638889
WCT_USDT,Binance,GateIo,1.3968253968253963,-0.8695652173912993,0.022864101708864402,2391,279.85476908342474,4.6642461513904125,93,10.885191771124424,0.8637539918511177,2.8566463834957454,true,9,1.0534056552701057,0.535802775024777,18.310989507594844,true,12,1.4045408736934741,0.5760654112983152,14.765219863060581,true,290592,8.543717185277778
TIA_USDT,Bybit,GateIo,0.25940337224383825,-0.2120328650940917,-0.05589402976585609,2320,275.6480323290235,4.594133872150392,0,0.0,0.0,0.0,false,0,0.0,0.0,0.0,false,0,0.0,0.0,0.0,false,140446,8.416530241111111
HBAR_USDT,Binance,Bybit,0.10244502117198184,-0.1547466864024849,0.0048588160969785165,2345,274.9775039509912,4.582958399183187,0,0.0,0.0,0.0,false,0,0.0,0.0,0.0,false,0,0.0,0.0,0.0,false,413301,8.527970347777778
UNI_USDT,Bybit,GateIo,0.3869541182974112,-0.38658014634820326,-0.024283194056507418,2289,273.13193724330523,4.552198954055087,5,0.5966184736638385,0.004202033784351626,0.25355100942095976,false,0,0.0,0.0,0.0,false,0,0.0,0.0,0.0,false,166614,8.380565169722223
XLM_USDT,Binance,GateIo,0.20713643647165547,-0.16968325791855143,-0.03734916032673382,2289,272.8005806829373,4.546676344715622,0,0.0,0.0,0.0,false,0,0.0,0.0,0.0,false,0,0.0,0.0,0.0,false,446402,8.390744602777778
ELIZAOS_USDT,Bybit,GateIo,1.1941904249596513,-5.425853869433627,-0.391490292816541,2222,267.777326479281,4.46295544132135,486,58.56875817683644,54.78769344942965,33.67592254943049,false,180,21.69213265808757,32.81235005470005,54.45497778332981,false,292,35.18945964534206,42.78311272047957,43.76856233258859,false,156310,8.29793929611111
ENSO_USDT,Binance,GateIo,0.42271221295555605,-0.9670278457415749,-0.05462590620195594,2185,260.67235251299564,4.344539208549928,4,0.47720339132813855,3.249417449357407,245.13452817527983,true,1,0.11930084783203464,2.0814570199139397,628.0965649330531,true,2,0.23860169566406927,2.0900344526883106,315.3424374766909,true,69951,8.382170103333333
BNB_USDT,Binance,Bybit,0.12672055931832737,-0.4066265060240881,-0.016616659755305335,2104,246.8231379382393,4.113718965637322,0,0.0,0.3068312943147773,0.0,true,0,0.0,0.0,0.0,false,0,0.0,0.012782572894108274,0.0,true,2018373,8.524322385555555
BOME_USDT,Binance,GateIo,0.17596782302664593,-0.23474178403756207,-0.0484786995422016,1897,230.84931169276499,3.84748852821275,0,0.0,0.0,0.0,false,0,0.0,0.0,0.0,false,0,0.0,0.0,0.0,false,168208,8.217481724722221
ICP_USDT,Binance,GateIo,0.2888503755055005,-0.4384216819449893,-0.00008753448873514208,1910,223.56589484642453,3.726098247440409,4,0.46820082690350684,0.033313762871976196,2.561497960870347,false,0,0.0,0.0,0.0,false,2,0.23410041345175342,0.0021439550363153,0.32969775733974765,false,606356,8.543342450833334
MET_USDT,Binance,GateIo,0.7579717720857415,-1.0421715947649068,0.008166838222146578,1885,222.45332214334948,3.7075553690558247,61,7.198754721880275,0.2853029394121176,1.4267614630094705,false,32,3.7763959196748984,0.07630473905218957,0.7274053526981105,false,45,5.310556762042825,0.1274145170965807,0.8637366703736054,false,416750,8.473687791388889
TRUMP_USDT,Bybit,GateIo,0.2267252373529871,-0.45983618335967424,0.008787000566770621,1786,211.42605249323051,3.523767541553842,1,0.1183796486524247,0.001506114826194349,0.45801904601180793,false,0,0.0,0.0,0.0,false,1,0.1183796486524247,0.0007530574130971745,0.22900952300590396,false,132803,8.447397938611111
SOL_USDC,Binance,Bybit,0.13007660066484128,-0.08552490912978605,0.008244558713109638,1713,201.28060739168254,3.3546767898613754,0,0.0,0.0,0.0,false,0,0.0,0.0,0.0,false,0,0.0,0.0,0.0,false,958554,8.510506909722222
SOL_USDT,Binance,Bybit,0.11411454247201025,-0.15671748112267014,0.0036447570269433523,1711,200.40905171521007,3.3401508619201676,0,0.0,0.0,0.0,false,0,0.0,0.0,0.0,false,0,0.0,0.0,0.0,false,2800517,8.537538526111112
MOG_USDT,Bybit,GateIo,0.20325203252031798,-0.28612303290415086,-0.03620084700670133,1496,194.77722657856006,3.2462871096426675,0,0.0,0.0,0.0,false,0,0.0,0.0,0.0,false,0,0.0,0.0,0.0,false,50878,7.680569367777778
ETC_USDT,Binance,GateIo,0.07650045204812272,-0.16968325791856254,-0.033398528467944354,1550,183.84305704356507,3.0640509507260845,0,0.0,0.0,0.0,false,0,0.0,0.0,0.0,false,0,0.0,0.0,0.0,false,310428,8.43110436111111
ENSO_USDT,Bybit,GateIo,0.5036630036630019,-0.35792633645075345,-0.05470371167425655,1384,180.19622014949636,3.003270335824939,7,0.9113970672301116,0.047455214141653816,1.8744713698625493,false,1,0.1301995810328731,0.0029659508838533635,0.8200812243148653,false,1,0.1301995810328731,0.0029659508838533635,0.8200812243148653,false,33723,7.680516266388889
EIGEN_USDT,Bybit,GateIo,0.11795930404010502,-0.31007751937984773,-0.0976596256656068,1391,170.51230859203852,2.8418718098673086,1,0.12258253673043747,0.0008897034618361699,0.2612878268014271,false,0,0.0,0.0,0.0,false,0,0.0,0.0,0.0,false,112417,8.1577688525
CRV_USDT,Bybit,GateIo,0.16571969696970168,-0.5533779109983761,-0.02099899661136455,1418,166.28679636791995,2.7714466061319993,0,0.0,1.7216388762876331,0.0,true,0,0.0,0.07191936179864791,0.0,false,0,0.0,0.7861339470452207,0.0,true,180785,8.527435917777778
EIGEN_USDT,Binance,GateIo,0.23724792408066353,-0.5812174977057216,-0.07200744929402979,1372,161.8742346756639,2.697903911261065,3,0.35395240818293855,0.9028083838048807,91.82336683008997,true,0,0.0,0.20218909451090683,0.0,true,0,0.0,0.8741838603123253,0.0,true,440182,8.475715747777777
AR_USDT,Bybit,GateIo,0.3274087932647385,-0.3690036900369176,-0.12032975365418047,1302,158.5688239077018,2.64281373179503,31,3.7754481882786144,0.15005968282839766,1.4308628571818338,false,0,0.0,0.0,0.0,false,0,0.0,0.0,0.0,false,87985,8.210945682222222
STRK_USDT,Binance,Bybit,1.416171767930563,-0.5342831700801409,0.04274890708415238,1315,154.51452644320665,2.5752421073867775,44,5.170067804943797,0.041561995937102844,0.28940275257221076,false,3,0.3525046230643498,0.0024032446630297567,0.24543453392745315,false,11,1.2925169512359493,0.009188876652760834,0.25593440703664894,false,1414754,8.510526681666667
TRUMP_USDT,Binance,GateIo,0.2122541389557142,-0.40235666043971774,0.0096506635500068,1296,151.777586052408,2.5296264342068,1,0.11711233491698148,0.000938602271042055,0.2885236792645864,false,0,0.0,0.0,0.0,false,1,0.11711233491698148,0.000187720454208411,0.05770473585291727,false,532707,8.538810200555556
GALA_USDT,Binance,GateIo,0.1179245283018826,-0.31701303275802895,-0.06733854810028686,1255,148.92473384436093,2.4820788974060153,0,0.0,0.3628494939915245,0.0,false,0,0.0,0.0,0.0,false,0,0.0,0.0,0.0,false,333196,8.427075661666667
FET_USDT,Bybit,GateIo,0.3122831367106116,-0.40404040404039554,-0.0075257570767348755,1194,140.1909643548636,2.3365160725810603,4,0.46965147187559,0.003900878672921075,0.29901243929745175,false,0,0.0,0.0,0.0,false,1,0.1174128679688975,0.0009752196682302688,0.29901243929745175,false,102561,8.516954038333333
PUMP_USDT,Bybit,GateIo,0.6578947368421018,-0.35702693930542706,-0.004449723134599329,1171,139.02725201703345,2.3171208669505576,2,0.23745047312900672,0.0014161497719998868,0.21470326472795764,false,1,0.11872523656450336,0.0007080748859999434,0.21470326472795764,false,1,0.11872523656450336,0.0007080748859999434,0.21470326472795764,false,141251,8.422809075277778
ICP_USDT,Binance,Bybit,0.4604604604604434,-0.3106192972238353,-0.0021884338774465005,1183,138.47039455671217,2.307839909278536,3,0.35115062017763016,0.004947588545342999,0.5072273189842271,false,0,0.0,0.0,0.0,false,1,0.11705020672587671,0.0019790354181372,0.6086727827810726,false,606356,8.543342450833334
TRX_USDT,Binance,GateIo,0.12222804260519915,-0.12150668286754485,0.000764537650479002,1134,135.11105149503283,2.251850858250547,0,0.0,0.0,0.0,false,0,0.0,0.0,0.0,false,0,0.0,0.0,0.0,false,300125,8.393095808611111
SOL_USDC,Bybit,GateIo,0.2414944243199102,-0.5965909090909105,0.03863858000775759,1099,129.01774602645264,2.150295767107544,0,0.0,1.231881402209965,0.0,true,0,0.0,0.333052353814297,0.0,true,0,0.0,0.8722581590954903,0.0,true,218324,8.518208028333333
MOVE_USDT,Binance,GateIo,0.15145778114351582,-0.34804909324052113,-0.11954846705132166,1049,127.43139214313614,2.1238565357189354,2,0.2429578496532624,0.014370852529692717,2.1293845488313115,false,0,0.0,0.0,0.0,false,0,0.0,0.0,0.0,false,118295,8.231880562222223
PROVE_USDT,Bybit,GateIo,0.1559758237473341,-0.5966587112171795,-0.03278678248093773,1084,126.9015399290563,2.115025665484272,0,0.0,1.5096589169768153,0.0,true,0,0.0,0.5139607198672402,0.0,true,0,0.0,1.2309278682713842,0.0,true,62075,8.542055522777778
ONDO_USDT,Bybit,GateIo,0.15048908954100604,-0.07534375588624798,0.004947304749131548,1063,125.33433339144264,2.088905556524044,0,0.0,0.0,0.0,false,0,0.0,0.0,0.0,false,0,0.0,0.0,0.0,false,175137,8.481315304722223
KAIA_USDT,Binance,GateIo,0.34602076124568004,-0.4060186290900325,-0.05074331931281864,1014,119.08755972986233,1.9847926621643723,10,1.1744335279079126,0.07232899359371771,2.217106126059103,false,0,0.0,0.0,0.0,false,1,0.11744335279079125,0.007232899359371771,2.2171061260591034,false,96780,8.514743288888889
WIF_USDT,Bybit,GateIo,0.39081582804103565,-0.389673648319544,-0.11522833450565591,964,117.77395879487095,1.9628993132478492,13,1.5882380335407909,0.028287876287687704,0.6411907565810112,false,0,0.0,0.0,0.0,false,0,0.0,0.0,0.0,false,127276,8.185171067222223
CRV_USDT,Binance,GateIo,0.18939393939394478,-0.5072630850818438,0.004962812611491614,997,117.659991912097,1.9609998652016167,1,0.11801403401413942,0.8678913210867891,264.74891583979763,true,0,0.0,0.021999780002199976,0.0,false,0,0.0,0.3358633080335863,0.0,false,272730,8.47356849
MMT_USDT,Bybit,GateIo,0.4062288422477911,-0.33783783783783994,0.01999521087782728,899,117.04822685556137,1.9508037809260228,2,0.26039650023484173,0.0036314776482550748,0.5020543487307986,false,0,0.0,0.0,0.0,false,1,0.13019825011742087,0.0018157388241275374,0.5020543487307986,false,55082,7.680594778333333
TRX_USDT,Bybit,GateIo,0.0660616807482528,-0.2645686834226946,-0.01666582231056824,928,111.03397498090027,1.850566249681671,0,0.0,0.0,0.0,false,0,0.0,0.0,0.0,false,0,0.0,0.0,0.0,false,72000,8.357802196666666
LA_USDT,Binance,Bybit,0.20270270270270618,-0.17278617710583255,-0.008304320417924104,842,109.77146151935158,1.8295243586558596,0,0.0,0.0,0.0,false,0,0.0,0.0,0.0,false,0,0.0,0.0,0.0,false,58663,7.670481820555556
MNT_USDT,Bybit,GateIo,0.9419574773481543,-0.627971651565451,0.03053040766014986,913,109.20113426353004,1.8200189043921673,4,0.47842775142839006,3.406940063091483,256.36021720126183,true,2,0.23921387571419503,0.7024185068349107,105.70902783360673,true,3,0.3588208135712926,1.6740273396424816,167.952866577946,true,118895,8.360719017777777
SUI_USDC,Binance,GateIo,0.5081669691469948,-0.11494252873562871,0.0471684096612696,927,109.11545675858387,1.8185909459763978,1,0.11770815184313255,1.9826815801146258,606.3856730946612,false,1,0.11770815184313255,0.022614893491499203,6.916565700385436,false,1,0.11770815184313255,0.651134131446064,199.14363079370628,false,915326,8.495588320277777
WLD_USDT,Bybit,GateIo,0.10569228446324352,-0.25084845801975897,-0.0734302191884789,894,107.0889965440948,1.7848166090682467,0,0.0,0.0,0.0,false,0,0.0,0.0,0.0,false,0,0.0,0.0,0.0,false,77380,8.348196629444445
MET_USDT,Binance,Bybit,0.5165289256198413,-0.8739985433357633,0.05476869683422008,897,105.85709812338699,1.7642849687231166,51,6.018630996981869,0.7656868626274745,4.5798998257929115,false,20,2.3602474497968116,0.026874625074985004,0.4099089283128975,false,35,4.13043303714442,0.3097780443911218,2.6999613594487277,false,416750,8.473687791388889
AR_USDT,Binance,GateIo,0.3274087932647385,-0.7159904534606243,-0.10858009354432681,865,103.2392105308856,1.7206535088480934,15,1.790275327125184,0.4270980876583505,8.58836119938634,true,0,0.0,0.02101076258200537,0.0,false,1,0.11935168847501226,0.33110063793022254,99.86974728039587,true,276049,8.378599521944444
WIF_USDT,Binance,GateIo,0.39081582804103565,-0.43604651162790775,-0.11357115903045405,867,101.82224644201811,1.697037440700302,3,0.35232611225611804,1.2188220185183674,124.53687405026932,true,0,0.0,0.0,0.0,false,0,0.0,1.2087547309449374,0.0,true,735054,8.514838655555556
ADA_USDT,Bybit,GateIo,0.10532968190435366,-0.2567943505242809,0.002526661046746048,869,101.78158299707673,1.6963597166179454,0,0.0,0.0,0.0,false,0,0.0,0.0,0.0,false,0,0.0,0.0,0.0,false,297717,8.537890396388889
LTC_USDT,Binance,Bybit,0.17092191005234625,-0.20946795140344143,0.0015919480799849702,858,100.75708454155743,1.6792847423592905,0,0.0,0.0,0.0,false,0,0.0,0.0,0.0,false,0,0.0,0.0,0.0,false,605447,8.515530236944445
XRP_USDC,Bybit,GateIo,0.21266759130837976,-0.12994848470785358,0.048104796072084274,841,98.82365760856626,1.647060960142771,0,0.0,0.0,0.0,false,0,0.0,0.0,0.0,false,0,0.0,0.0,0.0,false,517808,8.510108008055555
WLD_USDT,Binance,GateIo,0.13531799729364913,-0.5219985085756829,-0.07842475548812351,838,98.67842433944111,1.6446404056573518,0,0.0,0.9978093584055053,0.0,true,0,0.0,0.2684930347598468,0.0,false,0,0.0,0.2684930347598468,0.0,false,519939,8.49223126138889
PEPE_USDT,Bybit,GateIo,0.0841042893187538,-0.31746031746031633,-0.09216042378272059,781,94.40248059683198,1.5733746766138663,1,0.12087385479748013,0.0023369946249123625,0.6960298125496611,false,0,0.0,0.0,0.0,false,0,0.0,0.0,0.0,false,85595,8.273087688611112
WCT_USDT,Binance,Bybit,0.6301197227473132,-0.6036217303822977,0.006839829095960401,784,91.76333708130697,1.5293889513551162,25,2.926126820194738,0.28390320449289724,3.492847709541212,false,5,0.5852253640389475,0.0612542671511948,3.7680417715050654,false,7,0.8193155096545266,0.11184065631538377,4.914179677925949,false,290592,8.543717185277778
UNI_USDT,Binance,Bybit,0.3324099722991747,-0.3169353727435542,0.026024319310376583,755,88.28945039187995,1.4714908398646658,2,0.23387933878643694,0.001090821825163078,0.16790532207605213,false,0,0.0,0.0,0.0,false,0,0.0,0.0,0.0,false,641718,8.551418053333334
SHIB_USDT,Binance,GateIo,0.09310986964619072,-0.2600927287119692,-0.047782981860386944,744,87.28277766416424,1.454712961069404,0,0.0,0.0,0.0,false,0,0.0,0.0,0.0,false,0,0.0,0.0,0.0,false,506121,8.524018367777778
ONDO_USDT,Binance,GateIo,0.16930022573362624,-0.11021307861867058,-0.009608723538586956,696,83.08899366242603,1.384816561040434,0,0.0,0.0,0.0,false,0,0.0,0.0,0.0,false,0,0.0,0.0,0.0,false,431731,8.376560713055555
AVNT_USDT,Bybit,GateIo,0.5990783410138256,-0.16106764841232746,0.047608894662145275,677,81.87207962532163,1.3645346604220272,3,0.36280094368680194,1.0877365647618462,107.9338877498377,false,2,0.24186729579120128,0.0020503988025670993,0.3051853565028398,false,2,0.24186729579120128,0.008201595210268397,1.2207414260113592,false,97558,8.268997234444445
XAUT_USDT,Bybit,GateIo,0.04667157946449674,-0.07624013182164768,0.0041217129040997105,685,81.55724495203147,1.359287415867191,0,0.0,0.0,0.0,false,0,0.0,0.0,0.0,false,0,0.0,0.0,0.0,false,60173,8.399008578611111
CRCLX_USDT,Bybit,GateIo,1.4088147860927824,-0.9286727718302523,-0.019210418012688694,619,80.59755697421184,1.343292616236864,50,6.510303471261054,3.5623726981751673,19.698838571877623,false,23,2.994739596780085,1.4548779980878745,17.489202729839093,false,27,3.515563874480969,2.1698466142910586,22.21961565867176,false,24061,7.680133533055555
PROVE_USDT,Binance,GateIo,0.12207527975585108,-0.5966587112171795,-0.041406851884444686,682,80.45134061385431,1.340855676897572,0,0.0,0.5271929824561403,0.0,true,0,0.0,0.12894736842105264,0.0,true,0,0.0,0.3675438596491228,0.0,true,114000,8.477173839444443
ENA_USDT,Bybit,GateIo,0.18740629685156662,-0.33149171270718814,-0.004616995656021423,665,78.97640698642381,1.3162734497737303,2,0.23752302853059795,0.0012551854850350512,0.19024124835727604,false,0,0.0,0.0,0.0,false,0,0.0,0.0,0.0,false,159358,8.420236186666667
BANANAS31_USDT,Binance,GateIo,0.8365284071105039,-0.941094457999303,-0.0021788872492285068,597,71.87315548140825,1.1978859246901374,24,2.889373084679729,3.643055063901469,45.39046307167707,true,4,0.4815621807799548,1.927419650159296,144.08753464267667,false,7,0.842733816364921,2.808735031676086,119.98386581481915,true,163848,8.30630012
AVNT_USDT,Binance,Bybit,0.24641577060930953,-0.4809894640403045,-0.0009346150360657213,582,71.41101585289647,1.1901835975482744,4,0.49079735981372147,0.017763303974539263,1.3029388408407963,false,0,0.0,0.0,0.0,false,1,0.12269933995343037,0.0029605506624232106,0.8686258938938642,false,135110,8.150003091944445
XPL_USDT,Bybit,GateIo,0.3607214428857697,-0.5378568473313972,-0.0032060260437760113,580,69.64470059676971,1.1607450099461618,11,1.3208477699387358,0.00973678231800331,0.2653781695557372,false,1,0.12007706999443052,0.0006491188212002207,0.1946106576742073,false,6,0.7204624199665831,0.0038947129272013247,0.19461065767420727,false,154076,8.327984685555556
TRUMP_USDT,Binance,Bybit,0.3609065973726011,-0.3532570298149018,-0.000798814078062935,580,67.92515425184925,1.1320859041974876,1,0.11711233491698148,0.029472111310720524,9.059643528908012,false,0,0.0,0.0,0.0,false,0,0.0,0.0,0.0,false,532707,8.538810200555556
OP_USDT,Bybit,GateIo,0.21147237642082928,-0.18631887143997217,0.0038266649442477065,565,66.29790548676513,1.1049650914460856,0,0.0,0.0,0.0,false,0,0.0,0.0,0.0,false,0,0.0,0.0,0.0,false,124066,8.522139513333334
W_USDT,Binance,GateIo,0.15203344735841284,-0.3079291762894565,-0.10007626631155615,546,64.85878482519784,1.0809797470866307,1,0.11878898319633305,0.014574154418771511,4.416820019484524,false,0,0.0,0.0,0.0,false,0,0.0,0.0,0.0,false,267597,8.418289079444444
PLUME_USDT,Bybit,GateIo,0.2044989775050965,-0.523194977328223,-0.03218796859962011,529,63.2899843071221,1.0548330717853682,1,0.1196408020928584,0.13394872093531152,40.30526266389063,true,0,0.0,0.0014559643579925164,0.0,false,0,0.0,0.030575251517842843,0.0,true,68692,8.358352522777778
FET_USDT,Binance,Bybit,0.40567951318457585,-1.770218674071522,0.005221868277498723,534,62.64514075682257,1.044085679280376,2,0.23462599534390474,0.005644360155332792,0.8660462592567507,false,1,0.11731299767195237,0.003386616093199675,1.0392555111081005,false,2,0.23462599534390474,0.003512046318873737,0.5388732279819781,false,797256,8.524204647777777
TAO_USDT,Binance,GateIo,0.274977085242889,-0.278035217794248,0.0035011519393352503,513,60.470180695614154,1.0078363449269025,0,0.0,0.0,0.0,false,0,0.0,0.0,0.0,false,0,0.0,0.0,0.0,false,529995,8.483520209444444
BNB_USDT,Bybit,GateIo,0.17206151199053998,-0.1199956365223076,0.014506863291347196,496,59.71475874014732,0.9952459790024553,0,0.0,0.0,0.0,false,0,0.0,0.0,0.0,false,0,0.0,0.0,0.0,false,165070,8.30615429861111
RESOLV_USDT,Binance,Bybit,0.6811989100817151,-1.9397993311036643,0.03809432511212453,480,57.05880396402636,0.9509800660671061,133,15.810043598365636,10.876523451926628,24.76620901348024,true,27,3.209557722976483,0.9099675817637163,10.206650190143293,true,55,6.537987954211354,2.7996635069145226,15.415734466748548,true,194952,8.41237401861111
HFT_USDT,Binance,GateIo,0.13908205841444143,-0.3831417624521105,-0.1386701021917867,438,57.03869706537284,0.9506449510895473,106,13.803885591163288,1.5258404761357631,3.979332976799785,false,0,0.0,0.0,0.0,false,0,0.0,0.0,0.0,false,43517,7.678997286666667
XRP_USDC,Binance,GateIo,0.19722939657196292,-0.20848776871755792,0.045829797574260416,485,56.94722952441835,0.9491204920736391,0,0.0,0.0,0.0,false,0,0.0,0.0,0.0,false,0,0.0,0.0,0.0,false,831007,8.516656631944445
ALLO_USDT,Binance,GateIo,0.3919372900335727,-0.3831417624521105,0.037360303383694275,475,56.41358354079361,0.9402263923465601,5,0.5938271951662485,0.013517166801838336,0.8194606256285484,false,0,0.0,0.0,0.0,false,0,0.0,0.0,0.0,false,355104,8.419957928333334
LDO_USDT,Binance,Bybit,0.27681660899654403,-0.1097694840834329,-0.00575356052548666,393,46.44919934136853,0.7741533223561421,0,0.0,0.0,0.0,false,0,0.0,0.0,0.0,false,0,0.0,0.0,0.0,false,245222,8.460856281111111
SOLV_USDT,Binance,Bybit,0.8009858287122418,-1.4833127317676165,0.023358044201031346,380,44.87766504694287,0.7479610841157146,37,4.369667386149701,1.8212784660604897,15.00480905846489,true,7,0.8266938298121056,0.7983545312199544,34.7659098053879,true,10,1.1809911854458652,1.0047248853116502,30.62689740361096,true,291224,8.467463706111111
PUMP_USDT,Binance,GateIo,0.19736842105262387,-0.5505181347150279,-0.02765906392276793,381,44.613953156525874,0.7435658859420979,1,0.1170969899121414,0.3629274953511144,111.57750376370187,true,0,0.0,0.0644555638402041,0.0,false,1,0.1170969899121414,0.21717257921072255,66.76698399721518,false,445268,8.539929171111112
MMT_USDT,Binance,Bybit,0.40677966101696494,-1.5552614162806178,-0.03736634698555231,372,43.936359893430286,0.7322726648905048,1,0.1181084943371782,5.727226743918702,1745.6844568051688,true,0,0.0,4.659838138593829,0.0,true,1,0.1181084943371782,5.066790821722536,1544.3806189018026,true,347952,8.466791534444445
ADA_USDT,Binance,GateIo,0.08712698758439608,-0.27819387973463394,-0.0029290947459806845,363,42.53184746357539,0.7088641243929231,0,0.0,0.0,0.0,false,0,0.0,0.0,0.0,false,0,0.0,0.0,0.0,false,718341,8.534780914722223
IO_USDT,Binance,GateIo,0.15898251192369983,-0.8136381247578428,-0.17720062744693757,351,42.29808184311577,0.7049680307185962,230,27.716691806030276,19.396203817012527,25.19288168657022,true,1,0.1205073556783925,0.4973051787434582,148.56343277951936,false,43,5.181816294170877,4.546046293644388,31.583069966277954,true,76814,8.298248636944445
FET_USDT,Binance,GateIo,0.346981263011803,-2.008310249307488,0.0026635495362128956,354,41.52880117587114,0.6921466862645189,3,0.3519389930158571,0.011539580762013706,1.1803889755795713,false,1,0.11731299767195237,0.005393499703984668,1.6551106288017903,false,1,0.11731299767195237,0.006898662412073412,2.1170019670720572,false,797256,8.524204647777777
TURBO_USDT,Binance,GateIo,0.22271714922048602,-0.646678424456204,-0.02432706651378755,335,39.78849989758851,0.6631416649598084,10,1.1877164148533883,0.3224769905207831,9.77436323483096,false,0,0.0,0.1400078037136496,0.0,false,3,0.3563149244560165,0.22550437237485368,22.783658074072164,false,174276,8.419518224166668
ARB_USDC,Binance,GateIo,0.47129391602398485,-0.25706940874035134,0.08365899924376297,322,38.55079625753291,0.6425132709588818,3,0.35916890923167305,1.2234920554918538,122.63231272419556,false,0,0.0,0.0,0.0,false,0,0.0,0.5550445421670048,0.0,false,158726,8.352616061388888
AVNT_USDT,Binance,GateIo,0.28799291094372403,-0.32295271049596064,0.053495574133094206,308,37.79139670565655,0.6298566117609425,2,0.24539867990686073,0.0029605506624232106,0.4343129469469321,false,0,0.0,0.0,0.0,false,0,0.0,0.0,0.0,false,135110,8.150003091944445
BCH_USDT,Binance,Bybit,0.4135486411973144,-0.6402561024409725,0.022447938095742845,317,37.39727975424756,0.6232879959041261,3,0.3539174740149612,0.2872015013004048,29.213742767551228,true,0,0.0,0.0704552543696436,0.0,true,1,0.1179724913383204,0.2419036442598599,73.81832064884273,true,1375341,8.476552361111112
KAS_USDT,Bybit,GateIo,0.14167650531287102,-0.23758612497031262,-0.04233971661713542,260,33.851483530104844,0.5641913921684141,0,0.0,0.0,0.0,false,0,0.0,0.0,0.0,false,0,0.0,0.0,0.0,false,72509,7.680608732222223
BRETT_USDT,Bybit,GateIo,0.2941176470588225,-0.28985507246377384,0.011904502577904713,276,32.92187708635738,0.5486979514392896,0,0.0,0.0,0.0,false,0,0.0,0.0,0.0,false,0,0.0,0.0,0.0,false,97638,8.383483094722223
YB_USDT,Binance,GateIo,0.7606263982102845,-0.4230683589401041,0.06591325185673827,274,32.345994339387836,0.5390999056564639,6,0.7083064453880548,0.03066752990084165,1.5586912749684807,false,1,0.11805107423134245,0.0028395861019297826,0.8659395972047114,false,2,0.2361021484626849,0.008518758305789348,1.2989093958070674,false,176082,8.470909786388889
PEPE_USDT,Binance,GateIo,0.0841042893187538,-0.3095975232198067,-0.10588446142474471,273,31.969954517556456,0.5328325752926076,1,0.11710606050386979,0.013938235875498608,4.284803786917318,false,0,0.0,0.0,0.0,false,0,0.0,0.0,0.0,false,394598,8.539267700555556
FIL_USDT,Bybit,GateIo,0.4972375690607711,-0.5555555555555536,0.028451540495951864,258,31.716568473821724,0.5286094745636954,4,0.49172974378018175,0.006336483093471047,0.46389992521365836,false,1,0.12293243594504544,0.0007920603866838809,0.23194996260682918,false,3,0.3687973078351363,0.0031682415467355236,0.30926661680910555,false,126265,8.134549619166666
OP_USDT,Binance,GateIo,0.21147237642082928,-0.1584367573276957,-0.0007037868334367969,268,31.39656533492133,0.5232760889153555,0,0.0,0.0,0.0,false,0,0.0,0.0,0.0,false,0,0.0,0.0,0.0,false,369075,8.535965547222222
XPL_USDT,Binance,GateIo,0.29069767441860517,-0.7027697395618038,-0.02388838253442054,262,30.851871147453366,0.5141978524575561,10,1.177552333872266,1.5518195323629742,47.442055489252716,false,2,0.23551046677445317,0.041678102731440535,6.370891786176084,false,7,0.8242866337105861,0.8090198965744085,35.33323856723441,false,688611,8.492191567499999
PLUME_USDT,Binance,Bybit,0.21567217828899476,-0.20847810979847115,-0.018202886093298707,241,29.82816954955873,0.49713615915931214,0,0.0,0.0,0.0,false,0,0.0,0.0,0.0,false,0,0.0,0.0,0.0,false,78061,8.079610771944445
PROVE_USDT,Binance,Bybit,0.1227244835344532,-0.23866348448686736,-0.0169593718192752,244,28.78317758032324,0.4797196263387207,0,0.0,0.0,0.0,false,0,0.0,0.0,0.0,false,0,0.0,0.0,0.0,false,114000,8.477173839444443
ONDO_USDT,Binance,Bybit,0.09170946441672267,-0.11021307861867058,-0.01721753669922521,240,28.651377124974495,0.47752295208290824,0,0.0,0.0,0.0,false,0,0.0,0.0,0.0,false,0,0.0,0.0,0.0,false,431731,8.376560713055555
SOL_USDC,Binance,GateIo,0.2698863636363624,-0.582386363636378,0.04667786029862923,238,27.965431733345266,0.46609052888908775,0,0.0,1.6483161094732273,0.0,true,0,0.0,0.3113022323207665,0.0,true,0,0.0,1.0234165211349595,0.0,true,958554,8.510506909722222
OP_USDT,Binance,Bybit,0.16000000000000458,-0.21316280309087166,-0.005687631869190019,235,27.530570349651168,0.4588428391608528,0,0.0,0.0,0.0,false,0,0.0,0.0,0.0,false,0,0.0,0.0,0.0,false,369075,8.535965547222222
PLUME_USDT,Binance,GateIo,0.23858214042262738,-0.31239153071850323,-0.04776727205920007,209,25.867582721401554,0.4311263786900259,1,0.12376833837991175,0.006405247178488618,1.8630685476102022,false,0,0.0,0.0,0.0,false,0,0.0,0.0,0.0,false,78061,8.079610771944445
FET_USDC,Binance,GateIo,0.6079027355623268,-1.0131712259371706,0.05487898117811826,212,25.442127773485737,0.42403546289142896,31,3.7203111366889523,7.6805789174340795,74.32196686476885,false,3,0.3600301100021567,3.2860583031813837,328.5783483881978,false,9,1.0800903300064701,5.136319082251291,171.19631740424788,false,165274,8.332636400833334
CRV_USDT,Binance,Bybit,0.16591609386109596,-0.11851149561507013,0.020048792382634725,205,24.19287697289858,0.40321461621497634,0,0.0,0.0,0.0,false,0,0.0,0.0,0.0,false,0,0.0,0.0,0.0,false,272730,8.47356849
XPL_USDT,Binance,Bybit,0.4991680532445919,-0.4889975550122272,-0.018526866993081842,191,22.49124957696028,0.37485415961600466,7,0.8242866337105861,1.095538700369294,47.846697496179566,false,0,0.0,0.0,0.0,false,4,0.47102093354890634,0.42273504199032547,32.309522629893,false,688611,8.492191567499999
KAITO_USDT,Binance,GateIo,0.47551728569592555,-0.3066700741119255,0.09139388390356482,169,20.00253508657847,0.3333755847763078,2,0.23671639155714166,0.027630946660259493,4.202134348306103,false,0,0.0,0.0,0.0,false,1,0.11835819577857083,0.016818837097549257,5.115641815329169,false,83240,8.448929061666666
PUMP_USDT,Binance,Bybit,0.1952489424015491,-0.6470397929472682,-0.027925027669217454,155,18.150033436381918,0.302500557273032,0,0.0,0.4974532191848504,0.0,true,0,0.0,0.21560049228779074,0.0,false,0,0.0,0.3559653961209878,0.0,true,445268,8.539929171111112
DIAM_USDT,Bybit,GateIo,2.7241949452798897,-0.8824001283491034,0.10898773127017031,148,17.697861759648458,0.2949643626608076,26,3.109083822640945,12.169041637952114,140.90501381019496,false,6,0.7174808821479105,1.2449147455705487,62.46428574705999,false,14,1.6741220583451244,2.394237823177645,51.48523144100788,false,44985,8.36259216
RENDER_USDT,Bybit,GateIo,0.28846153846153744,-0.19389238972370437,0.008887435771216133,138,16.64368986519773,0.2773948310866288,0,0.0,0.0,0.0,false,0,0.0,0.0,0.0,false,0,0.0,0.0,0.0,false,90753,8.291430633333334
ENA_USDT,Binance,GateIo,0.2248875562218977,-0.43446777697320194,-0.0006073168147377524,141,16.538410856056856,0.27564018093428094,2,0.23458738802917528,0.005240174672489083,0.8041621068995632,false,0,0.0,0.0,0.0,false,1,0.11729369401458764,0.0017467248908296941,0.5361080712663755,false,458000,8.525607522222222
DOGE_USDC,Binance,GateIo,0.32280091874106187,-0.1404494382022503,0.10529592903034506,139,16.297014565658102,0.27161690942763506,1,0.11724470910545397,0.0016501423247755119,0.5066763706879719,false,0,0.0,0.0,0.0,false,0,0.0,0.0,0.0,false,1454420,8.529169526111112
DYDX_USDT,Binance,Bybit,0.21857923497268228,-0.17445917655268817,0.004556012137950787,135,15.954686935270098,0.2659114489211683,0,0.0,0.0,0.0,false,0,0.0,0.0,0.0,false,0,0.0,0.0,0.0,false,134162,8.4614634275
MMT_USDT,Binance,GateIo,0.2968337730870463,-0.2702702702702564,0.03401721196764595,133,15.7084297468447,0.2618071624474117,0,0.0,0.0,0.0,false,0,0.0,0.0,0.0,false,0,0.0,0.0,0.0,false,347952,8.466791534444445
ARB_USDT,Bybit,GateIo,0.1280409731113874,-0.5121638924455829,-0.007712475017049413,126,14.862864837443155,0.24771441395738591,0,0.0,0.8448285953992937,0.0,true,0,0.0,0.06389869861276412,0.0,false,0,0.0,0.33949232240064,0.0,true,205037,8.477504261666667
SEI_USDT,Bybit,GateIo,0.3324468085106336,-0.20202020202020332,-0.0026127644645746436,125,14.849282162921446,0.24748803604869077,1,0.11879425730337156,0.0011094715586965928,0.33621975522838465,false,0,0.0,0.0,0.0,false,0,0.0,0.0,0.0,false,90149,8.417915332777778
FIL_USDT,Binance,GateIo,0.3865267807841022,-0.5555555555555536,0.020605227772752817,118,13.917229143555241,0.23195381905925402,9,1.0614835787457386,0.05393963293853148,1.8293516966900407,false,1,0.11794261986063764,0.010198670093419819,3.112972425039775,false,3,0.35382785958191293,0.015864597923097492,1.6141338500206235,false,441234,8.478699228333333
ADA_USDT,Binance,Bybit,0.085561497326192,-0.08678672163158208,-0.00600964055708279,118,13.825779616258666,0.23042966027097778,0,0.0,0.0,0.0,false,0,0.0,0.0,0.0,false,0,0.0,0.0,0.0,false,718341,8.534780914722223
FIL_USDT,Binance,Bybit,0.5586592178770999,-0.5291005291005346,-0.010105114703369602,110,12.97368818467014,0.216228136411169,5,0.5897130993031882,0.7413299972350272,45.25570134357823,true,1,0.11794261986063764,0.021757162865962278,6.6410078400848525,false,3,0.35382785958191293,0.2402353399783335,24.4425983003123,false,441234,8.478699228333333
NEAR_USDT,Bybit,GateIo,0.4460303300624302,-0.22727272727274261,0.015446451753994025,105,12.339566845406578,0.20565944742344297,2,0.23503936848393484,0.0024769233309664958,0.3793800182920788,false,0,0.0,0.0,0.0,false,1,0.11751968424196742,0.0008256411103221653,0.2529200121947192,false,121154,8.509212788055555
ENA_USDT,Binance,Bybit,0.2586844050258552,-0.33149171270718814,0.001349799692867729,95,11.142900931385826,0.1857150155230971,0,0.0,0.004148471615720524,0.0,false,0,0.0,0.0,0.0,false,0,0.0,0.0,0.0,false,458000,8.525607522222222
RENDER_USDT,Binance,GateIo,0.28846153846153744,-0.5332040717401898,-0.0018735359667061261,68,8.148539891595133,0.13580899819325223,0,0.0,0.19159709867250582,0.0,true,0,0.0,0.00456183568267871,0.0,true,0,0.0,0.07344555449112723,0.0,true,219210,8.345053335277779
WLFI_USDT,Bybit,GateIo,0.35260930888576514,-0.2855103497501843,-0.017506949219719792,63,7.605968163676991,0.12676613606128317,1,0.12072965339169826,0.001438993855496237,0.4290891039816959,false,0,0.0,0.0,0.0,false,0,0.0,0.0,0.0,false,69505,8.282969195277778
RENDER_USDT,Binance,Bybit,0.15045135406219767,-0.3399708596406037,-0.012693022403508301,39,4.673427290767797,0.07789045484612994,0,0.0,0.00456183568267871,0.0,true,0,0.0,0.0,0.0,false,0,0.0,0.0,0.0,false,219210,8.345053335277779
MINA_USDT,Binance,Bybit,0.985595147839291,-0.2307692307692233,0.05200766285161631,32,3.7729251232891388,0.0628820853881523,1,0.11790391010278559,9.323309318432017,2846.7175954635522,true,0,0.0,5.045916305514138,0.0,true,0,0.0,7.007984838561336,0.0,true,143522,8.481482922222222
DOT_USDT,Binance,GateIo,0.11303692539563759,-0.6250000000000089,-0.015528516861565408,28,3.3028428900606484,0.05504738150101081,0,0.0,0.9244565430143306,0.0,true,0,0.0,0.18127779768554625,0.0,false,0,0.0,0.7835296172388561,0.0,true,332087,8.477545233611112
0G_USDT,Binance,Bybit,0.4922067268252617,-0.4125412541254092,-0.07377660480269982,27,3.2312831409904548,0.05385471901650758,6,0.718062920220101,0.8695652173913043,43.595549839130435,true,0,0.0,0.0,0.0,false,3,0.3590314601100505,0.2577586845418858,25.84540263035331,false,67505,8.355813719166667
ARB_USDT,Binance,GateIo,0.12853470437017567,-0.5121638924455829,-0.0015324416419945162,27,3.210669926826538,0.05351116544710897,0,0.0,0.2919163522477867,0.0,true,0,0.0,0.029592365169786194,0.0,false,0,0.0,0.16953959211856673,0.0,false,324408,8.409459899444444
MOVE_USDT,Bybit,GateIo,0.0741289844329085,-0.4345361798601899,-0.22848011882501723,24,3.1247510975489767,0.052079184959149614,37,4.817324608721339,19.112136062265783,142.8255212438743,true,0,0.0,0.0,0.0,false,9,1.1717816615808663,0.36609974055923894,11.247479878078856,false,34692,7.680611751388889
NEAR_USDT,Binance,Bybit,0.2277904328018332,-0.2266545784224805,-0.004835664188413746,26,3.0457092233660514,0.05076182038943419,0,0.0,0.0,0.0,false,0,0.0,0.0,0.0,false,0,0.0,0.0,0.0,false,449381,8.536599554722223
ARB_USDT,Binance,Bybit,0.08752735229757835,-0.08616975441619878,0.0028327479126777533,22,2.6161014218586605,0.04360169036431101,0,0.0,0.0,0.0,false,0,0.0,0.0,0.0,false,0,0.0,0.0,0.0,false,324408,8.409459899444444
WLFI_USDT,Binance,Bybit,0.28612303290413976,-0.4884856943475291,4.61895055795424e-6,19,2.240063365550107,0.03733438942583512,0,0.0,0.8262064914707891,0.0,true,0,0.0,0.0,0.0,false,0,0.0,0.39912673335291227,0.0,true,282617,8.481902919444444
ATOM_USDT,Binance,Bybit,0.07552870090634656,-0.22034520749173447,-0.03519653544405026,18,2.119562401456873,0.03532604002428121,0,0.0,0.0,0.0,false,0,0.0,0.0,0.0,false,0,0.0,0.0,0.0,false,313428,8.492318974722222
NEAR_USDT,Binance,GateIo,0.5798394290811748,-0.27272727272728003,0.012631068016764857,16,1.8742825989944931,0.031238043316574884,3,0.35142798731146746,0.0349369465998785,3.5789126734545227,false,1,0.11714266243715582,0.0008901132891688789,0.27354746548696984,false,2,0.23428532487431164,0.009791246180857669,1.5045110601783345,false,449381,8.536599554722223
CAKE_USDT,Binance,Bybit,0.21394950791613354,-0.2519949601007876,0.014946388534256162,15,1.7821774998924569,0.02970295833154095,0,0.0,0.0,0.0,false,0,0.0,0.0,0.0,false,0,0.0,0.0,0.0,false,406659,8.416670057222222
APT_USDT,Binance,Bybit,0.10316368638239037,-0.5913043478260827,-0.014296106417304296,14,1.6460241082997393,0.027433735138328988,0,0.0,2.504327233097394,0.0,true,0,0.0,0.51323435691094,0.0,false,0,0.0,1.6366180080775017,0.0,true,265181,8.50534322638889
ENSO_USDT,Binance,Bybit,0.35211267605634866,-0.9324009324009341,-0.0031408786602556715,12,1.4316101739844156,0.023860169566406925,4,0.47720339132813855,3.1493474003230832,237.58529061598833,true,1,0.11930084783203464,1.0378693656988462,313.18551245975044,true,1,0.11930084783203464,2.0814570199139397,628.0965649330531,true,69951,8.382170103333333
AVAX_USDT,Bybit,GateIo,0.1368925393566034,-0.14295925661186315,-0.0010449958878565818,11,1.2871228382284547,0.021452047303807578,0,0.0,0.0,0.0,false,0,0.0,0.0,0.0,false,0,0.0,0.0,0.0,false,216077,8.546192852222223
SEI_USDT,Binance,GateIo,0.3989361702127603,-0.20202020202020332,0.018978701617533386,10,1.211467575151738,0.020191126252528967,1,0.12114675751517381,0.01137806749029194,3.3811093095017872,false,0,0.0,0.0,0.0,false,0,0.0,0.0,0.0,false,544908,8.254451216944444
ALGO_USDT,Binance,Bybit,0.38436899423448523,-0.384368994234463,-0.00559395056394842,10,1.2051011165022332,0.02008501860837055,1,0.12051011165022331,1.1228541537876267,335.43035503676464,false,0,0.0,0.0,0.0,false,0,0.0,0.0,0.0,false,168232,8.2980588625
TON_USDT,Bybit,GateIo,0.17055144968733948,-0.22637238256932868,-0.0012585318654176284,9,1.0883361453872387,0.018138935756453978,0,0.0,0.0,0.0,false,0,0.0,0.0,0.0,false,0,0.0,0.0,0.0,false,85096,8.269503901111111
LINEA_USDT,Binance,Bybit,0.39447731755424265,-0.5865102639296071,0.04310456725623944,8,0.9565847211941378,0.015943078686568964,3,0.35871927044780166,0.21743956375476006,21.821588467772077,true,0,0.0,0.03870651920241802,0.0,false,0,0.0,0.11782719816030192,0.0,true,175681,8.363085697222221
ZRO_USDT,Binance,Bybit,0.1435750179468842,-0.6396588486140775,-0.034954740211514304,8,0.9370426065657133,0.015617376776095222,0,0.0,4.997972666777971,0.0,true,0,0.0,1.9366995015145372,0.0,true,0,0.0,4.50008347842679,0.0,true,167708,8.537498662222221
USDP_USDT,Binance,GateIo,0.1602403605408087,-0.04001200360108648,0.04116111955793072,7,0.9206106899609239,0.015343511499348731,0,0.0,0.0,0.0,false,0,0.0,0.0,0.0,false,0,0.0,0.0,0.0,false,1080,7.603648400277778
S_USDT,Binance,Bybit,0.32599837000815146,-0.5704971475142706,-0.012311512448451717,7,0.8318058158332847,0.01386343026388808,2,0.23765880452379562,1.0392005925839858,157.41567583824855,false,1,0.11882940226189781,0.05555474866015018,16.830606850630346,false,1,0.11882940226189781,0.4778434590637754,144.76521970868978,false,275404,8.415425651944444
EIGEN_USDT,Binance,Bybit,0.15673981191222097,-0.7633587786259555,-0.003325232177468731,7,0.8258889524268567,0.013764815873780945,0,0.0,2.141841329268348,0.0,true,0,0.0,0.8741838603123253,0.0,true,0,0.0,1.3094583604054686,0.0,true,440182,8.475715747777777
XLM_USDT,Binance,Bybit,0.11952191235060639,-0.1210653753026647,-0.00901628903826543,6,0.7150736059841083,0.011917893433068472,0,0.0,0.0,0.0,false,0,0.0,0.0,0.0,false,0,0.0,0.0,0.0,false,446402,8.390744602777778
WLFI_USDT,Binance,GateIo,0.3503854239663706,-0.3566333808844524,-0.006325343214050947,6,0.7073884312263496,0.011789807187105827,2,0.23579614374211655,0.0541368707473365,8.26530627674556,false,0,0.0,0.0,0.0,false,0,0.0,0.0,0.0,false,282617,8.481902919444444
SEI_USDT,Binance,Bybit,0.3324468085106336,-0.1988071570576455,0.021398766373590925,5,0.605733787575869,0.010095563126264483,1,0.12114675751517381,0.00018351721758535385,0.05453402112099657,false,0,0.0,0.0,0.0,false,0,0.0,0.0,0.0,false,544908,8.254451216944444
DOT_USDT,Bybit,GateIo,0.25417574437183177,-0.5514705882353033,0.06199275804265777,5,0.5928892989136194,0.00988148831522699,0,0.0,0.7298937507973247,0.0,true,0,0.0,0.06287474257804669,0.0,false,0,0.0,0.408230212680651,0.0,false,109760,8.433277526111112
LINK_USDT,Binance,Bybit,0.22338049143708627,-0.22338049143707517,-0.0041016323480621356,5,0.5863143633289358,0.009771906055482263,0,0.0,0.0,0.0,false,0,0.0,0.0,0.0,false,0,0.0,0.0,0.0,false,744620,8.52784839111111
INJ_USDT,Binance,Bybit,0.6069802731411222,-0.5961251862891204,0.04001057901779408,4,0.46806629157592344,0.007801104859598724,9,1.0531491560458277,0.683601743740647,23.367689783907878,false,2,0.23403314578796172,0.023927110465592188,3.6805725695869635,false,3,0.35104971868194257,0.2642476497910576,27.09848459128648,false,476447,8.545798046111111
JTO_USDT,Binance,Bybit,0.3669724770642313,-0.5376344086021501,0.0036946083636802147,3,0.3599193265903828,0.005998655443173046,5,0.5998655443173047,1.1480994661873978,68.90140828105903,false,1,0.11997310886346092,0.25828405881518895,77.50258541627802,false,1,0.11997310886346092,0.25828405881518895,77.50258541627802,false,260953,8.335201191944444
ETHFI_USDT,Binance,Bybit,0.43525571273121955,-0.43572984749455923,-0.06596174595253686,3,0.35690727681242046,0.005948454613540341,4,0.4758763690832272,0.014514359885626845,1.0980098820397237,false,0,0.0,0.0,0.0,false,2,0.2379381845416136,0.001658783986928782,0.2509736873233654,false,482281,8.405544506666667
DOT_USDT,Binance,Bybit,0.1129943502824915,-0.21802325581394832,-0.08275439620643012,3,0.35387602393506945,0.0058979337322511574,0,0.0,0.0,0.0,false,0,0.0,0.0,0.0,false,0,0.0,0.0,0.0,false,332087,8.477545233611112
AR_USDT,Binance,Bybit,0.24691358024691024,-0.4784688995215225,0.016001379710245435,2,0.23870337695002453,0.003978389615833742,0,0.0,0.02101076258200537,0.0,false,0,0.0,0.0,0.0,false,0,0.0,0.02101076258200537,0.0,false,276049,8.378599521944444
TRX_USDT,Binance,Bybit,0.24466969591050436,-0.06968641114981633,0.019242044766179165,2,0.238291096111169,0.003971518268519483,0,0.0,0.0,0.0,false,0,0.0,0.0,0.0,false,0,0.0,0.0,0.0,false,300125,8.393095808611111
TON_USDT,Binance,GateIo,0.16920473773265332,-0.28296547821164975,-0.0006752791998662896,2,0.23463042178570348,0.003910507029761725,0,0.0,0.0,0.0,false,0,0.0,0.0,0.0,false,0,0.0,0.0,0.0,false,188791,8.524043833611112
POL_USDT,Binance,Bybit,0.1370801919122755,-0.13577732518668117,0.008171707703800088,2,0.23462951951909444,0.003910491991984908,0,0.0,0.0,0.0,false,0,0.0,0.0,0.0,false,0,0.0,0.0,0.0,false,349389,8.524076612777778
AVAX_USDT,Binance,GateIo,0.1434720229555264,-0.13956734124214165,0.014555247914293528,2,0.23419586462757452,0.0039032644104595752,0,0.0,0.0,0.0,false,0,0.0,0.0,0.0,false,0,0.0,0.0,0.0,false,704103,8.539860441944445
MOVE_USDT,Binance,Bybit,0.379506641366234,-0.1890359168241984,0.0918447633955634,1,0.1214789248266312,0.00202464874711052,15,1.822183872399468,0.9687645293545797,19.13940935655438,true,0,0.0,0.0,0.0,false,0,0.0,0.0,0.0,false,118295,8.231880562222223
WLD_USDT,Binance,Bybit,0.15220700152207556,-0.4477611940298498,-0.014643277177832323,1,0.11775468298262662,0.0019625780497104436,0,0.0,0.2684930347598468,0.0,false,0,0.0,0.0,0.0,false,0,0.0,0.2684930347598468,0.0,false,519939,8.49223126138889
TON_USDT,Binance,Bybit,0.057175528873631976,-0.3937007874015852,-0.005321913210118175,1,0.11731521089285174,0.0019552535148808625,0,0.0,0.3008617995561229,0.0,true,0,0.0,0.0,0.0,false,0,0.0,0.0,0.0,false,188791,8.524043833611112
BONK_USDT,Binance,Bybit,0.09794319294809117,-0.19704433497537144,-0.04164470971283174,0,0.0,0.0,0,0.0,0.0,0.0,false,0,0.0,0.0,0.0,false,0,0.0,0.0,0.0,false,432505,8.476548987777779
JASMY_USDT,Binance,Bybit,0.2450980392156854,-0.6127450980392357,-0.07068146249135218,0,0.0,0.0,1,0.12265738637737673,2.0535123165080016,602.7068208256169,false,1,0.12265738637737673,0.24884140355683398,73.03506778209254,false,1,0.12265738637737673,1.2053968906239299,353.78454852242993,false,87606,8.15279070861111
AVAX_USDT,Binance,Bybit,0.1434720229555264,-0.07153075822603494,0.014935364629085226,0,0.0,0.0,0,0.0,0.0,0.0,false,0,0.0,0.0,0.0,false,0,0.0,0.0,0.0,false,704103,8.539860441944445
PEPE_USDT,Binance,Bybit,0.21276595744681437,-0.6224066390041472,-0.03128349663870151,0,0.0,0.0,0,0.0,1.9067506677682096,0.0,true,0,0.0,0.45489333448218183,0.0,false,0,0.0,1.9067506677682096,0.0,true,394598,8.539267700555556
USDE_USDT,Binance,Bybit,0.010008006405115566,-0.01000700490343398,0.000013457489622584406,0,0.0,0.0,0,0.0,0.0,0.0,false,0,0.0,0.0,0.0,false,0,0.0,0.0,0.0,false,2975,7.678972246388889
USD1_USDT,Binance,GateIo,-0.02000600180054324,-0.02000600180054324,-0.02000600180054324,0,0.0,0.0,0,0.0,0.0,0.0,false,0,0.0,0.0,0.0,false,0,0.0,0.0,0.0,false,4367,7.6783939475
TIA_USDT,Binance,Bybit,0.2590673575129543,-0.2645502645502673,-0.00225910792771816,0,0.0,0.0,0,0.0,0.0,0.0,false,0,0.0,0.0,0.0,false,0,0.0,0.0,0.0,false,530468,8.551718915
USDC_USDT,Bybit,GateIo,0.029994001199762366,0.0,0.011080217913763032,0,0.0,0.0,0,0.0,0.0,0.0,false,0,0.0,0.0,0.0,false,0,0.0,0.0,0.0,false,34568,7.680080623333334
WIF_USDT,Binance,Bybit,0.24691358024691024,-0.24630541871921707,0.005585720480837604,0,0.0,0.0,0,0.0,0.0,0.0,false,0,0.0,0.0,0.0,false,0,0.0,0.0,0.0,false,735054,8.514838655555556
